{
	"layout": {
		"scale": 64,
		"size": [50, 11],
		"start": [1, 9],
		"goal": [41, 11, 10, 5]
	},

	"physics": {
		"gravity": 1,
		"terminal_velocity": 46
	},

	"music": "assets/sounds/theme.ogg",

	"background": {
		"color": [0, 0, 0],
		"image1": "assets/images/backgrounds/lvl1_bg.jpg",
		"parallax_speed1": 0.6,
		"parallax_speed2": 0.0
	},

	"tiles": {
		"midground": [
		],

		"main": [
			[1, 10, "Grass"],
			[2, 10, "Grass"],
			[3, 10, "Grass"],
			[0, 10, "Grass"],
			[4, 10, "Grass"],
			[5, 10, "Grass"],
			[6, 10, "Grass"],
			[26, 10, "Grass"],
			[27, 10, "Grass"],
			[28, 10, "Grass"],
			[29, 10, "Grass"],
			[30, 10, "Grass"],
			[31, 10, "Grass"],
			[32, 10, "Grass"],
			[33, 10, "Grass"],
			[34, 10, "Grass"],
			[35, 10, "Grass"],
			[36, 10, "Grass"],
			[37, 10, "Grass"],
			[38, 10, "Grass"],
			[39, 10, "Grass"],
			[40, 10, "Grass"],

			[5, 6, "Platform"],
			[6, 6, "Platform"],
			[7, 6, "Platform"],

			[10, 3, "Platform"],
			[11, 3, "Platform"],
			[12, 3, "Platform"],

			[24, 8, "Platform"],
			[25, 8, "Platform"],

			[27, 6, "Platform"],
			[28, 6, "Platform"],
			[29, 6, "Platform"],
			[30, 6, "Platform"],
			[31, 6, "Platform"],

			[33, 4, "Platform"],
			[34, 4, "Platform"],
			[35, 4, "Platform"]
		],

		"foreground": [
			[5, 9, "Plant"]
		]
	},

	"items": [
		[10, 2, "Gem"],
		[29, 5, "Gem"],
		[34, 3, "Gem"]
	],

	"enemies": [
		[11, 2, "BasicEnemy"],
		[40, 9, "PlatformEnemy"],
		[30, 5, "PlatformEnemy"],
		[34, 3, "PlatformEnemy"]
	]
}
